Workbook

Sheet Patterns
A1: EchoBand tactile language: 4 servos (M1 to M4)
A2: Pattern is carried mainly by rhythm; servo position is secondary. Servos fire in sequence, never all at once, to avoid current spikes.
A4: No. | B4: Signal | C4: Pattern (what the wearer feels) | D4: Servos used | E4: Meaning | F4: Delivery note
A5: 1 | B5: Attention | C5: Wave M1 to M4, once | D5: M1, M2, M3, M4 in sequence | E5: New alert incoming | F5: Wave is easier to feel than a simultaneous buzz
A6: 2 | B6: Platform | C6: M1 long tap, then M2 short taps equal to the platform number | D6: M1, M2 | E6: Platform information follows (platform number given by M2 tap count) | F6: See Platform codes sheet
A7: 3 | B7: Delay | C7: M2 two short taps | D7: M2 | E7: Train delayed | F7: Delay length goes to the phone page
A8: 4 | B8: Departure / boarding | C8: M3 long tap | D8: M3 | E8: Departure or boarding information
A9: 5 | B9: Urgent | C9: M4 three rapid taps, repeated until the wearer double-taps | D9: M4 | E9: Urgent announcement | F9: Stops on tap acknowledgment (MPU6050)
A10: 6 | B10: Cancellation | C10: M2 then M4 | D10: M2, M4 in sequence | E10: Service cancelled
A11: 7 | B11: Message ended | C11: Wave M4 to M1 (reverse of Attention) | D11: M4, M3, M2, M1 in sequence | E11: Message complete | F11: Mirrors Attention so it is easy to remember
A14: Timing starting values (tune on the day)
B15: Setting | C15: Value | D15: Unit | E15: Basis
B16: Short tap | C16: 200 | D16: ms | E16: Our starting proposal, not user-tested
B17: Long tap | C17: 600 | D17: ms | E17: Our starting proposal, not user-tested
B18: Gap between taps | C18: 200 | D18: ms | E18: Our starting proposal, not user-tested
B19: Delay between servos in a wave | C19: 50 | D19: ms | E19: Our starting proposal, to avoid power spikes
A21: Yellow cells with blue text are values you can change. Test every pattern with real people before relying on it; urgent alerts must never depend on this prototype alone.

Sheet Platform codes
A1: Platform number: M2 tap count after the M1 long tap
A3: Platform | B3: M2 short taps | C3: Pattern the wearer feels
A4: 1 | B4: =A4 -> 1 | C4: ="M1 long tap, then M2 x "&B4&" short tap"&IF(B4=1,"","s") -> M1 long tap, then M2 x 1 short tap
A5: 2 | B5: =A5 -> 2 | C5: ="M1 long tap, then M2 x "&B5&" short tap"&IF(B5=1,"","s") -> M1 long tap, then M2 x 2 short taps
A6: 3 | B6: =A6 -> 3 | C6: ="M1 long tap, then M2 x "&B6&" short tap"&IF(B6=1,"","s") -> M1 long tap, then M2 x 3 short taps
A7: 4 | B7: =A7 -> 4 | C7: ="M1 long tap, then M2 x "&B7&" short tap"&IF(B7=1,"","s") -> M1 long tap, then M2 x 4 short taps
A8: 5 | B8: =A8 -> 5 | C8: ="M1 long tap, then M2 x "&B8&" short tap"&IF(B8=1,"","s") -> M1 long tap, then M2 x 5 short taps
A10: Platforms 1 to 5 only for this prototype. Add rows for more platforms; the count rises with the number, so keep it small or switch to a different code.

Sheet Test log
A1: Pattern distinguishability test
A2: How to use: play each pattern to a tester without telling them what it is. Enter Y if they named the signal correctly, N if not. Edit only the yellow cells. Leave blank for tests not run.
A4: Signal | B4: Tester 1 | C4: Tester 2 | D4: Tester 3 | E4: Correct | F4: Tests run | G4: Accuracy
A5: Example (not counted): Platform | B5: Y | C5: N | D5: Y | E5: =COUNTIF(B5:D5,"Y") -> 2 | F5: =COUNTA(B5:D5) -> 3 | G5: =IF(F5=0,"",E5/F5) -> 0.66666667
A6: =Patterns!B5 -> Attention | E6: =COUNTIF(B6:D6,"Y") -> 0 | F6: =COUNTA(B6:D6) -> 0 | G6: =IF(F6=0,"",E6/F6)
A7: =Patterns!B6 -> Platform | E7: =COUNTIF(B7:D7,"Y") -> 0 | F7: =COUNTA(B7:D7) -> 0 | G7: =IF(F7=0,"",E7/F7)
A8: =Patterns!B7 -> Delay | E8: =COUNTIF(B8:D8,"Y") -> 0 | F8: =COUNTA(B8:D8) -> 0 | G8: =IF(F8=0,"",E8/F8)
A9: =Patterns!B8 -> Departure / boarding | E9: =COUNTIF(B9:D9,"Y") -> 0 | F9: =COUNTA(B9:D9) -> 0 | G9: =IF(F9=0,"",E9/F9)
A10: =Patterns!B9 -> Urgent | E10: =COUNTIF(B10:D10,"Y") -> 0 | F10: =COUNTA(B10:D10) -> 0 | G10: =IF(F10=0,"",E10/F10)
A11: =Patterns!B10 -> Cancellation | E11: =COUNTIF(B11:D11,"Y") -> 0 | F11: =COUNTA(B11:D11) -> 0 | G11: =IF(F11=0,"",E11/F11)
A12: =Patterns!B11 -> Message ended | E12: =COUNTIF(B12:D12,"Y") -> 0 | F12: =COUNTA(B12:D12) -> 0 | G12: =IF(F12=0,"",E12/F12)
A13: Overall | E13: =SUM(E6:E12) -> 0 | F13: =SUM(F6:F12) -> 0 | G13: =IF(F13=0,"",E13/F13)
A15: Report the overall figure only after real tests are entered; do not quote it before then.
